"id","pokemon_ability_id","effect","language","short_effect"
3,1,"Attacken die Schaden verursachen haben mit jedem Treffer eine 10% Chance das Ziel zurückschrecken zu lassen, wenn die Attacke dies nicht bereits als Nebeneffekt hat.

Der Effekt stapelt nicht mit dem von getragenen Items.

Außerhalb vom Kampf: Wenn ein Pokémon mit dieser Fähigkeit an erster Stelle im Team steht, tauchen wilde Pokémon nur halb so oft auf.",de,Mit jedem Treffer besteht eine 10% Chance das Ziel zurückschrecken zu lassen.
13,1,"This Pokémon's damaging moves have a 10% chance to make the target flinch with each hit if they do not already cause flinching as a secondary effect.

This ability does not stack with a held item.

Overworld: The wild encounter rate is halved while this Pokémon is first in the party.",en,Has a 10% chance of making target Pokémon flinch with each hit.
5,2,"Das weather ändert sich zu rain wenn ein Pokémon mit dieser Fähigkeit den Kampf betritt. Dieser Effekt ist dauerhaft bis das weather geändert wird.

Wenn mehrere Pokémon mit dieser Fähigkeit, drought, sand stream oder snow warning zur selben Zeit den Kampf betreten, werden die Fähigkeiten nach Reihenfolge der speed der Pokémon ausgelöst, unter Berücksichtigung von trick room.",de,Ändert beim Betreten des Kampfes das weather in rain.
16,2,"The weather changes to rain when this Pokémon enters battle and does not end unless replaced by another weather condition.

If multiple Pokémon with this ability, drought, sand stream, or snow warning are sent out at the same time, the abilities will activate in order of Speed, respecting trick room.  Each ability's weather will cancel the previous weather, and only the weather summoned by the slowest of the Pokémon will stay.",en,Summons rain that lasts indefinitely upon entering battle.
4,3,Die speed des Pokémon erhöht sich jede Runde um 1 Stufe.,de,Steigert die speed um 1 Stufe nach jeder Runde.
22,3,This Pokémon's Speed rises one stage after each turn.,en,Raises Speed one stage after each turn.
6,4,"Attacken können keinen kritischen Treffer landen.

Diese Fähigkeit ist identisch mit shell armor.",de,Schützt vor kritischen Treffern.
19,4,"Moves cannot score critical hits against this Pokémon.

This ability functions identically to shell armor.",en,Protects against critical hits.
7,5,"Wenn das Pokémon volle hp hat, lässt jeder Treffer der das Pokémon besiegt hätte ein hp übrig. Das Pokémon ist immun gegen die K.O.-Attacken fissure, guillotine, horn drill und sheer cold.

Hält das Pokémon ein focus sash, hat die Fähigkeit Vorrang und das Item wird nicht verbraucht.",de,"Verhindert K.O.-Treffer bei vollen hp, das Pokémon behält 1 hp. Schützt gegen K.O.-Attacken."
21,5,"When this Pokémon is at full HP, any hit that would knock it out will instead leave it with 1 HP.  Regardless of its current HP, it is also immune to the one-hit KO moves: fissure, guillotine, horn drill, and sheer cold.

If this Pokémon is holding a focus sash, this ability takes precedence and the item will not be consumed.",en,"Prevents being KOed from full HP, leaving 1 HP instead.  Protects against the one-hit KO moves regardless of HP."
8,6,"Wenn sich ein Pokémon mit dieser Fähigkeit im Kampf befindet, schlagen die Attacken self destruct und explosion fehl und aftermath hat keinen Effekt.",de,"Verhindert self destruct, explosion und aftermath."
20,6,"While this Pokémon is in battle, self destruct and explosion will fail and aftermath will not take effect.",en,"Prevents self destruct, explosion, and aftermath from working while the Pokémon is in battle."
11,7,"Ein Pokémon mit dieser Fähigkeit kann nicht paralysiert werden.

Wenn ein paralysiertes Pokémon diese Fähigkeit erhält, wird es von der paralysis geheilt. Das bezieht das Wiedererlangen dieser Fähigkeit nach dem Kampf mit ein.",de,Verhindert paralysis.
17,7,"This Pokémon cannot be paralyzed.

If a Pokémon is paralyzed and acquires this ability, its paralysis is healed; this includes when regaining a lost ability upon leaving battle.",en,Prevents paralysis.
9,8,"Während eines Sandsturms hat ein Pokémon mit dieser Fähigkeit einen um 25% erhöhten evasion und es nimmt keinen Schaden durch Sandstürme.

Der Bonus zählt nicht als Statuswerte Änderung.

Außerhalb vom Kampf: Wenn ein Pokémon mit dieser Fähigkeit an erster Stelle im Team steht, tauchen im Sandsturm nur halb so viele Pokémon auf.",de,Erhöht den evasion um 25% während eines Sandsturms. Kein Schaden durch Sandstürme.
14,8,"During a sandstorm, this Pokémon has 1.25× its evasion, and it does not take sandstorm damage regardless of type.

The evasion bonus does not count as a stat modifier.

Overworld: If the lead Pokémon has this ability, the wild encounter rate is halved in a sandstorm.",en,Increases evasion to 1.25× during a sandstorm.  Protects against sandstorm damage.
10,9,"Wenn ein Pokémon mit dieser Fähigkeit von einer Attacke mit Kontakt getroffen wird, besteht eine 30% Chance, dass der Angreifer paralysiert wird.

Pokémon die immun gegen electric Attacken sind können trotzdem von dieser Fähigkeit paralysiert werden.

Außerhalb vom Kampf: Wenn ein Pokémon mit dieser Fähigkeit an erster Stelle im Team steht, besteht eine 50% Chance einem electric Pokémon zu begegnen, falls es welche gibt.",de,"30% Chance das angreifende Pokémon bei Kontakt zu paralysieren."
15,9,"Whenever a move makes contact with this Pokémon, the move's user has a 30% chance of being paralyzed.

Pokémon that are immune to electric-type moves can still be paralyzed by this ability.

Overworld: If the lead Pokémon has this ability, there is a 50% chance that encounters will be with an electric Pokémon, if applicable.",en,Has a 30% chance of paralyzing attacking Pokémon on contact.
12,10,"Wenn ein Pokémon mit dieser Fähigkeit von einer electric Attacke getroffen wird, wird es um 1/4 seiner maximalen hp geheilt. Jeder andere Effekt der Attacke wird ignoriert.

Die Fähigkeit wirkt nicht, wenn das Pokémon vom Typ ground ist. electric Attacken ignorieren den substitute dieses Pokémons.

Der Effekt gilt auch für Attacken die keinen Schaden verursachen, wie z.B. thunder wave.",de,Absorbiert electric Attacken und heilt 1/4 der max hp.
18,10,"Whenever an electric-type move hits this Pokémon, it heals for 1/4 of its maximum HP, negating any other effect on it.

This ability will not take effect if this Pokémon is ground-type and thus immune to Electric moves.  Electric moves will ignore this Pokémon's substitute.

This effect includes non-damaging moves, i.e. thunder wave.",en,"Absorbs electric moves, healing for 1/4 max HP."
23,11,"Wenn ein Pokémon mit dieser Fähigkeit von einer water Attacke getroffen wird, wird es um 1/4 seiner maximalen hp geheilt. Jeder andere Effekt der Attacke wird ignoriert.

water Attacken ignorieren den substitute dieses Pokémons.",de,Absorbiert water Attacken und heilt 1/4 der maximalen hp.
39,11,"Whenever a water-type move hits this Pokémon, it heals for 1/4 of its maximum HP, negating any other effect on it.

Water moves will ignore this Pokémon's substitute.",en,"Absorbs water moves, healing for 1/4 max HP."
24,12,"Dieses Pokémon kann sich nicht verlieben und ist immun gegen captivate.

Wenn ein Pokémon verliebt ist und diese Fähigkeit erhält, wird es von der infatuation geheilt.",de,Verhindert infatuation und schützt gegen captivate.
33,12,"This Pokémon cannot be infatuated and is immune to captivate.

If a Pokémon is infatuated and acquires this ability, its infatuation is cleared.",en,Prevents infatuation and protects against captivate.
28,13,"Während ein Pokémon mit dieser Fähigkeit im Kampf ist, kann das weather zwar geändert werden, hat aber keinen Effekt.

Diese Fähigkeit ist identisch mit air lock.",de,Entfernt alle Wettereffekte aber ändert nicht das weather selbst.
36,13,"While this Pokémon is in battle, weather can still be in play, but will not have any of its effects.

This ability functions identically to air lock.",en,"Negates all effects of weather, but does not prevent the weather itself."
25,14,"Die Attacken eines Pokémon mit dieser Fähigkeit haben eine um 30% erhöhte accuracy.

Diese Fähigkeit hat keinen Einfluss auf K.O.-Attacken (fissure, guillotine, horn drill und sheer cold).

Außerhalb vom Kampf: Wenn ein Pokémon mit dieser Fähigkeit an erster Stelle im Team steht, erhöht sich die Chance, dass ein wildes Pokémon ein Item trägt von 50%, 5% oder 1% auf 60%, 20% oder 5%, respektive.",de,Erhöht die accuracy von Attacken um 30%.
40,14,"This Pokémon's moves have 1.3× their accuracy.

This ability has no effect on the one-hit KO moves (fissure, guillotine, horn drill, and sheer cold).

Overworld: If the first Pokémon in the party has this ability, the chance of a wild Pokémon holding a particular item is raised from 50%, 5%, or 1% to 60%, 20%, or 5%, respectively.",en,Increases moves' accuracy to 1.3×.
27,15,"Ein Pokémon mit dieser Fähigkeit kann nicht einschlafen.

rest schlägt fehl. Wenn ein Pokémon schläft und diese Fähigkeit erhält, wacht es sofort auf. Das bezieht das Wiedererlangen dieser Fähigkeit nach dem Kampf mit ein.

Diese Fähigkeit ist identisch mit vital spirit.",de,Verhindert sleep.
34,15,"This Pokémon cannot be asleep.

This causes rest to fail altogether.  If a Pokémon is asleep and acquires this ability, it will immediately wake up; this includes when regaining a lost ability upon leaving battle.

This ability functions identically to vital spirit in battle.",en,Prevents sleep.
31,16,"Wenn ein Pokémon mit dieser Fähigkeit von einer Attacke getroffen wird die Schaden verursacht, ändert sich der Typ des Pokémons in den der Attacke.

Wenn das Pokémon 2 Typen hat, werden beide überschrieben. Das Pokémon muss direkten Schaden erleiden, Attacken die vom substitute geblockt werden, lösen den Effekt nicht aus, ebenso wie Attacken mit indirektem Schaden wie spikes.

Bei Attacken mit mehreren Treffern löst nur der Letzte den Effekt aus.

Diese Fähigkeit hat keinen Einfluss auf shadow Attacken in Pokémon Colosseum und XD: Der dunkle Sturm.",de,Ändert den Typ des Pokémons in den der Attacke von der es getroffen wird.
37,16,"Whenever this Pokémon takes damage from a move, the Pokémon's type changes to match the move.

If the Pokémon has two types, both are overridden.  The Pokémon must directly take damage; for example, moves blocked by a substitute will not trigger this ability, nor will moves that deal damage indirectly, such as spikes.

This ability takes effect on only the last hit of a multiple-hit attack.

In Pokémon Colosseum and XD: Gale of Darkness, this ability does not take effect on Shadow-type moves.",en,Changes type to match when hit by a damaging move.
26,17,"Ein Pokémon mit dieser Fähigkeit kann nicht vergiftet werden. Das schließt schwere poison mit ein.

Wenn ein vergiftetes Pokémon diese Fähigkeit erhält, wird es von der poison geheilt. Das bezieht das Wiedererlangen dieser Fähigkeit nach dem Kampf mit ein.",de,Verhindert poison.
38,17,"This Pokémon cannot be poisoned.  This includes bad poison.

If a Pokémon is poisoned and acquires this ability, its poison is healed; this includes when regaining a lost ability upon leaving battle.",en,Prevents poison.
32,18,"Ein Pokémon mit dieser Fähigkeit ist immun gegen fire Attacken. Sobald es von einer fire Attacke getroffen wurde, erhöht sich der Schaden der eigenen fire Attacken um 50% bis es den Kampf verlässt.

Die Fähigkeit hat keinen Effekt, wenn das Pokémon eingefroren ist. Der Bonus bleibt erhalten wenn das Pokémon eingefroren ist und wieder auftaut oder wenn es die Fähigkeit wechselt bzw. diese deaktiviert wird. fire Attacken ignorieren den substitute. Der Effekt wirkt auch bei fire Attacken die keinen Schaden verursachen, wie z.B. will o wisp.",de,"Schützt vor fire Attacken. Sobald eine fire Attacke blockiert wurde, erhöht sich der Schaden der eigenen fire Attacken um 50%."
41,18,"This Pokémon is immune to fire-type moves.  Once this Pokémon has been hit by a Fire move, its own Fire moves will inflict 1.5× as much damage until it leaves battle.

This ability has no effect while the Pokémon is frozen.  The Fire damage bonus is retained even if the Pokémon is frozen and thawed or the ability is lost or disabled.  Fire moves will ignore this Pokémon's substitute.  This ability takes effect even on non-damaging moves, i.e. will o wisp.",en,"Protects against fire moves.  Once one has been blocked, the Pokémon's own Fire moves inflict 1.5× damage until it leaves battle."
30,19,"Ein Pokémon mit dieser Fähigkeit ist immun gegen Zusatzeffekt von Attacken.

Ein Zusatzeffekt ist die Chance einer Attacke, als ""Effektchance"" bezeichnet, eine status ailment oder eine stat modifier hervorzurufen oder das Ziel zurückschrecken zu lassen, zusätzlich zum Haupteffekt einer Attacke. Zum Beispiel ist die paralysis die thunder shock verursachen kann ein Zusatzeffekt, im Gegensatz zu thunder wave, genauso wie das Entfernen des Items durch knock off und die erhöhte kritische Trefferchance durch air cutter.",de,Schützt vor Zusatzeffekten von Attacken.
42,19,"This Pokémon is immune to the extra effects of moves used against it.

An extra effect is a move's chance, listed as an ""effect chance"", to inflict a status ailment, cause a stat change, or make the target flinch in addition to the move's main effect.  For example, thunder shock's paralysis is an extra effect, but thunder wave's is not, nor are knock off's item removal and air cutter's increased critical hit rate.",en,Protects against incoming moves' extra effects.
29,20,"Ein Pokémon mit dieser Fähigkeit kann nicht verwirrt werden.

Wenn ein Pokémon verwirrt ist und diese Fähigkeit erhält, wird es von der confusion geheilt.",de,Verhindert confusion.
35,20,"This Pokémon cannot be confused.

If a Pokémon is confused and acquires this ability, its confusion will immediately be healed.",en,Prevents confusion.
43,21,"Ein Pokémon mit dieser Fähigkeit kann nicht mit Attacken wie whirlwind ausgetauscht werden.

dragon tail und circle throw verursachen trotzdem Schaden.

Außerhalb vom Kampf: Wenn ein Pokémon mit dieser Fähigkeit an erster Stelle im Team steht, erhöht sich die Erfolgsrate beim Angeln.",de,Verhindert den Austausch von Pokémon durch Attacken.
53,21,"This Pokémon cannot be forced out of battle by moves such as whirlwind.

dragon tail and circle throw still inflict damage against this Pokémon.

Overworld: If the lead Pokémon has this ability, the success rate while fishing is increased.",en,Prevents being forced out of battle by other Pokémon's moves.
44,22,"Wenn ein Pokémon mit dieser Fähigkeit den Kampf betritt, wird der attack des Gegners um 1 Stufe gesenkt. Im Mehrfachkämpfen werden alle Gegner beeinflusst.

Diese Fähigkeit löst auch aus, wenn sie im Kampf erlangt wurde, aber nicht, wenn sie verloren und zurückerlangt wurde.

Die Fähigkeit hat keinen Einfluss auf Gegner mit einem substitute.

Außerhalb vom Kampf: Wenn das erste Pokémon im Team diese Fähigkeit hat, dann hat jede Begegnung mit einem Pokémon das 5 oder mehr Level niedriger ist, eine Chance von 50% übersprungen zu werden.",de,Senkt den attack des Gegners um 1 Stufe beim Betreten des Kampfes.
54,22,"When this Pokémon enters battle, the opponent's Attack is lowered by one stage.  In a double battle, both opponents are affected.

This ability also takes effect when acquired during a battle, but will not take effect again if lost and reobtained without leaving battle.

This ability has no effect on an opponent that has a substitute.

Overworld: If the first Pokémon in the party has this ability, any random encounter with a Pokémon five or more levels lower than it has a 50% chance of being skipped.",en,Lowers opponents' Attack one stage upon entering battle.
45,23,"Während ein Pokémon mit dieser Fähigkeit im Kampf ist, kann der Gegner nicht fliehen oder ausgetauscht werden.

Andere Pokémon mit derselben Fähigkeit sind nicht betroffen. Pokémon mit run away können trotzdem fliehen. Pokémon können mit bestimmten Items oder Attacken ausgetauscht werden.",de,"Verhindert, dass der Gegner flieht oder ausgetauscht wird."
56,23,"While this Pokémon is in battle, opposing Pokémon cannot flee or switch out.

Other Pokémon with this ability are unaffected.  Pokémon with run away can still flee.  Pokémon can still switch out with the use of a move or item.",en,Prevents opponents from fleeing or switching out.
47,24,"Wenn eine gegnerische Attacke Kontakt mit einem Pokémon mit dieser Fähigkeit hat, erleidet der Angreifer 1/8 seiner maximalen hp Schaden.

Diese Fähigkeit ist identisch mit iron barbs.",de,Angreifende Pokémon erhalten 1/8 ihrer maximalen hp Schaden bei Kontakt.
61,24,"Whenever a move makes contact with this Pokémon, the move's user takes 1/8 of its maximum HP in damage.

This ability functions identically to iron barbs.",en,Damages attacking Pokémon for 1/8 their max HP on contact.
46,25,"Ein Pokémon mit dieser Fähigkeit ist immun gegen alle Schaden verursachenden Attacken die nicht sehr effektiv sind.

Attacken die festen Schaden verursachen, wie night shade oder seismic toss werden mitgezählt. Schaden der nicht direkt durch die Attacke verursacht wird, wie der vom weather, einer status ailment oder spikes wird nicht verhindert.

Diese Fähigkeit kann nicht mit role play kopiert oder mit skill swap getauscht werden, kann aber mit trace kopiert, mit gastro acid deaktiviert oder mit worry seed geändert werden. Das Pokémon kann seine Fähigkeit trotzdem mit role play selbst tauschen.

Wenn das Pokémon einen substitute hat, werden Attacken zuerst durch die Fähigkeit verhindert, erst Attacken die trotzdem treffen würden, würden durch den substitute verhindert.",de,Schützt gegen Schaden verursachende Attacken die nicht sehr effektiv sind.
62,25,"This Pokémon is immune to damaging moves that are not super effective against it.

Moves that inflict fixed damage, such as night shade or seismic toss, are considered super effective if their types are.  Damage not directly dealt by moves, such as damage from weather, a status ailment, or spikes, is not prevented.

This ability cannot be copied with role play or traded away with skill swap, but it can be copied with trace, disabled with gastro acid, or changed with worry seed.  This Pokémon can still use Role Play itself to lose this ability, but not Skill Swap.

If this Pokémon has a substitute, this ability will block moves as usual and any moves not blocked will react to the Substitute as usual.",en,Protects against damaging moves that are not super effective.
51,26,"Ein Pokémon mit dieser Fähigkeit ist immun gegen ground Attacken, spikes, toxic spikes und arena trap.

Diese Fähigkeit wird mit gravity oder ingrain deaktiviert oder während eine iron ball getragen wird. roost deaktiviert diese Fähigkeit nicht.",de,Verhindert ground Attacken
59,26,"This Pokémon is immune to ground-type moves, spikes, toxic spikes, and arena trap.

This ability is disabled during gravity or ingrain, or while holding an iron ball.  This ability is not disabled during roost.",en,Evades ground moves.
48,27,"Wenn ein Pokémon mit dieser Fähigkeit von einer Attacke getroffen wird, die Kontakt herstellt, besteht eine 30% Chance, dass der Angreifer paralysiert oder vergiftet wird oder einschläft.

Dabei wird nicht berücksichtigt ob der Angreifer immun gegen eine der Statusänderungen ist, es besteht nur eine geringere Chance.",de,"Hat eine 30% Chance bei Kontakt entweder paralysis, poison oder sleep auszulösen."
60,27,"Whenever a move makes contact with this Pokémon, the move's user has a 30% chance of being paralyzed, poisoned, or put to sleep, chosen at random.

Nothing is done to compensate if the move's user is immune to one of these ailments; there is simply a lower chance that the move's user will be affected.",en,"Has a 30% chance of inflcting either paralysis, poison, or sleep on attacking Pokémon on contact."
50,28,"Wenn ein Pokémon mit dieser Fähigkeit verbrannt, paralysiert oder vergiftet wird, erhält das verantwortliche Pokémon die gleiche status ailment.

Diese Fähigkeit gibt schwere poison als schwere poison zurück. Die Fähigkeit funktioniert nicht bei Statusänderungen die nicht direkt von einem anderen Pokémon erhalten wurden, so wie poison von toxic spikes oder die burn durch flame orb.

Außerhalb vom Kampf: Wenn ein Pokémon mit dieser Fähigkeit an erster Stelle im Team steht, haben wilde Pokémon eine Chance von 50% dasselbe Wesen wie das des Pokémons zu haben. Das gilt nicht für Pokémon die außerhalb von Kämpfen erhalten werden oder sich bewegende Legendäre Pokémon.",de,"Kopiert burn, paralysis und poison auf den Verursacher."
58,28,"Whenever this Pokémon is burned, paralyzed, or poisoned, the Pokémon who gave this Pokémon that ailment is also given the ailment.

This ability passes back bad poison when this Pokémon is badly poisoned.  This ability cannot pass on a status ailment that the Pokémon did not directly receive from another Pokémon, such as the poison from toxic spikes or the burn from a flame orb.

Overworld: If the lead Pokémon has this ability, wild Pokémon have a 50% chance of having the lead Pokémon's nature, and a 50% chance of being given a random nature as usual, including the lead Pokémon's nature.  This does not work on Pokémon received outside of battle or roaming legendaries.",en,"Copies burns, paralysis, and poison received onto the Pokémon that inflicted them."
49,29,"Pokémon mit dieser Fähigkeit können keine negativen Statuswerte Änderungen von anderen Pokémon zugefügt werden.

Diese Fähigkeit verhindert keine stat modifier die nicht direkt verursacht wurden, wie die verminderte speed durch paralysis oder selbstverursachte negative Statuswerteänderungen wie durch overheat. Dem Pokémon können trotzdem negative Statuswerte mit guard swap, heart swap oder power swap übertragen werden.

Diese Fähigkeit ist identisch mit white smoke im Kampf.",de,Verhindert negative stat modifier von anderen Pokémon.
55,29,"This Pokémon cannot have its stats lowered by other Pokémon.

This ability does not prevent any stat losses other than stat modifiers, such as the Speed cut from paralysis.  This Pokémon can still be passed negative stat modifiers through guard swap, heart swap, or power swap.

This ability functions identically to white smoke in battle.",en,Prevents stats from being lowered by other Pokémon.
52,30,"Wenn ein Pokémon mit dieser Fähigkeit ausgewechselt wird, wird es von einer etwaigen major status ailment geheilt.

Wenn diese Fähigkeit während des Kampfes erlangt wird, wird das Pokémon beim Auswechseln geheilt, bevor es die Fähigkeit wieder verliert.",de,Heilt jede major status ailment beim Auswechseln
57,30,"This Pokémon is cured of any major status ailment when it is switched out for another Pokémon.

If this ability is acquired during battle, the Pokémon is cured upon leaving battle before losing the temporary ability.",en,Cures any major status ailment upon switching out.
63,31,"Wenn sich ein Pokémon mit dieser Fähigkeit im Kampf befindet, werden alle electric Attacken die nur 1 Ziel haben auf dieses Pokémon umgeleitet, sofern es ein mögliches Ziel ist. Wird es von electric Attacken getroffen, erhöht sich sein special attack um 1 Stufe, jeder andere Effekt der Attacke wird ignoriert.

Wenn das eigentliche Ziel der Attacke ebenfalls diese Fähigkeit besitzt, wird sie nicht umgeleitet. Gibt es mehrere Pokémon mit dieser Fähigkeit, wird die Attacke zu dem mit der höchsten speed umgeleitet, oder, falls alle die gleiche haben, zu einem zufälligen Pokémon. follow me wirkt vor dieser Fähigkeit.

Wenn das Pokémon mit dieser Fähigkeit vom Typ ground ist, verhindert seine electric Immunität das Ansteigen des Spezialangriffs.",de,Leitet electric Attacken mit nur einem Ziel auf dieses Pokémon um. Absorbiert electric Attacken und erhöht dabei den special attack um 1 Stufe.
64,31,"All other Pokémon's single-target electric-type moves are redirected to this Pokémon if it is an eligible target.  Other Pokémon's Electric moves raise this Pokémon's Special Attack one stage, negating any other effect on it, and cannot miss it.

If the move's intended target also has this ability, the move is not redirected.  When multiple Pokémon with this ability are possible targets for redirection, the move is redirected to the one with the highest Speed stat, or, in the case of a tie, to a random tied Pokémon.  follow me takes precedence over this ability.

If the Pokémon is a ground-type and thus immune to Electric moves, its immunity prevents the Special Attack boost.",en,"Redirects single-target electric moves to this Pokémon where possible.  Absorbs Electric moves, raising Special Attack one stage."
65,32,"Attacken von Pokémon mit dieser Fähigkeit treten doppelt so häufig auf wie normal.

Ein Zusatzeffekt ist die Chance einer Attacke, als ""Effectchance"" bezeichnet, eine status ailment oder eine stat modifier hervorzurufen oder das Ziel zurückschrecken zu lassen, zusätzlich zum Haupteffekt einer Attacke. Zum Beispiel ist die paralysis die thunder shock verursachen kann ein Zusatzeffekt, im Gegensatz zu thunder wave, genauso wie das Entfernen des Items durch knock off und das Erhöhen der kritischen Trefferchance durch air cutter.

secret power ist davon unberührt.",de,Verdoppelt die Chance das ein Zusatzeffekt beim Einsatz einer Attacke auftritt
78,32,"This Pokémon's moves have twice their usual effect chance.

An effect chance is a move's chance to inflict a status ailment, cause a stat change, or make the target flinch in addition to the move's main effect.  For example, flamethrower's chance of burning the target is doubled, but protect's chance of success and air cutter's increased critical hit rate are unaffected.

secret power is unaffected.",en,Doubles the chance of moves' extra effects occurring.
66,33,"Die speed eines Pokémon mit dieser Fähigkeit ist doppelt so hoch wie normal, solange es regnet.

Dieser Bonus zählt nicht als stat modifier.",de,Verdoppelt die speed während es regnet.
74,33,"This Pokémon's Speed is doubled during rain.

This bonus does not count as a stat modifier.",en,Doubles Speed during rain.
68,34,"Während strong sunlight ist die speed eines Pokémon mit dieser Fähigkeit doppelt so hoch wie normal.

Dieser Bonus zählt nicht als stat modifier.",de,Verdoppelt die speed während starkem Sonnenlicht.
77,34,"This Pokémon's Speed is doubled during strong sunlight.

This bonus does not count as a stat modifier.",en,Doubles Speed during strong sunlight.
67,35,"Außerhalb vom Kampf: Wenn ein Pokémon mit dieser Fähigkeit an erster Stelle im Team steht, ist die Wahrscheinlichkeit einem wilden Pokémon zu begegnen doppelt so hoch wie normal.

Diese Fähigkeit hat im Kampf keinen Effekt.",de,"Verdoppelt die Wahrscheinlichkeit, einem wilden Pokémon zu begegnen."
75,35,"Overworld: If the lead Pokémon has this ability, the wild encounter rate is doubled.

This ability has no effect in battle.",en,Doubles the wild encounter rate.
69,36,"Wenn ein Pokémon mit dieser Fähigkeit den Kampf betritt, kopiert es die Fähigkeit eines zufällig ausgewählten Gegners.

flower gift, forecast, illusion, imposter, multitype, trace, wonder guard und zen mode können nicht kopiert werden.",de,Kopiert die Fähigkeit des Gegners beim Betreten des Kampfes.
76,36,"When this Pokémon enters battle, it copies a random opponent's ability.

This ability cannot copy flower gift, forecast, illusion, imposter, multitype, trace, wonder guard, or zen mode.",en,Copies an opponent's ability upon entering battle.
70,37,"Solange sich ein Pokémon mit dieser Fähigkeit im Kampf befindet ist sein attack doppelt so hoch wie sonst.

Dieser Bonus zählt nicht als stat modifier.

Diese Fähigkeit ist identisch mit pure power.",de,Verdoppelt den attack im Kampf.
81,37,"This Pokémon's Attack is doubled while in battle.

This bonus does not count as a stat modifier.

This ability functions identically to pure power.",en,Doubles Attack in battle.
71,38,"Wenn ein Pokémon mit dieser Fähigkeit von einer Attacke mit Kontakt getroffen wird, besteht eine 30% Chance den Angreifer zu vergiften.",de,Hat eine 30% Chance den Gegner bei Kontakt zu vergiften.
80,38,"Whenever a move makes contact with this Pokémon, the move's user has a 30% chance of being poisoned.",en,Has a 30% chance of poisoning attacking Pokémon on contact.
72,39,Ein Pokémon mit dieser Fähigkeit kann nicht zurückschrecken.,de,Verhindert zurückschrecken.
82,39,This Pokémon cannot flinch.,en,Prevents flinching.
73,40,"Ein Pokémon mit dieser Fähigkeit kann nicht einfrieren.

Erhält ein eingefrorenes Pokémon diese Fähigkeit, taut es sofort auf. Das bezieht das Wiedererlangen dieser Fähigkeit nach dem Kampf mit ein.

Außerhalb vom Kampf: Wenn ein Pokémon im Team diese Fähigkeit hat, wird der hatch counter um 2 statt um 1 pro step cycle reduziert, was dazu führt, dass Eier doppelt so schnell schlüpfen. Dieser Effekt stapelt sich nicht, wenn mehrere Pokémon diese Fähigkeit oder flame body haben.",de,Verhindert einfrieren.
83,40,"This Pokémon cannot be frozen.

If a Pokémon is frozen and acquires this ability, it will immediately thaw out; this includes when regaining a lost ability upon leaving battle.

Overworld: If any Pokémon in the party has this ability, each egg in the party has its hatch counter decreased by 2 (rather than 1) each step cycle, making eggs hatch roughly twice as quickly.  This effect does not stack if multiple Pokémon have this ability or flame body.",en,Prevents freezing.
79,41,"Ein Pokémon mit dieser Fähigkeit kann keine burn erleiden.

Wenn ein Pokémon mit burn diese Fähigkeit erhält, wird es von der burn geheilt. Das bezieht das Wiedererlangen dieser Fähigkeit nach dem Kampf mit ein.",de,Verhindert burn.
86,41,"This Pokémon cannot be burned.

If a Pokémon is burned and acquires this ability, its burn is healed; this includes when regaining a lost ability upon leaving battle.",en,Prevents burns.
84,42,"Solange sich ein Pokémon mit dieser Fähigkeit im Kampf befindet, werden steel Pokémon daran gehindert zu fliehen oder ausgetauscht zu werden.

Pokémon mit der Fähigkeit run away können trotzdem fliehen. Pokémon können trotzdem mit Hilfe von bestimmten Items oder Attacken ausgetauscht werden.

Außerhalb vom Kampf: Wenn ein Pokémon mit dieser Fähigkeit an erster Stelle im Team steht, erhöht sich die Chance wilden steel Pokémon zu begegnen.",de,"Verhindert, dass steel Pokémon fliehen oder ausgetauscht werden können."
89,42,"While this Pokémon is in battle, opposing steel-type Pokémon cannot flee or switch out.

Pokémon with run away can still flee.  Pokémon can still switch out with the use of a move or item.

Overworld: If the lead Pokémon has this ability, Steel-type Pokémon have a higher encounter rate.",en,Prevents steel opponents from fleeing or switching out.
85,43,"Pokémon mit dieser Fähigkeit sind immun gegen Attacken die schallbasiert sind.

heal bell wird nicht verhindert. uproar hindert die Pokémon trotzdem am einschlafen. Dieses Pokémon kann trotzdem einen perish song Zähler durch baton pass erhalten, und es wird einen Zähler behalten, wenn es die Fähigkeit nach Einsatz von perish song erhalten hat.

howl, roar of time, sonic boom und yawn sind keine schallbasierten Attacken.",de,Schütz vor Schall Attacken.
90,43,"This Pokémon is immune to moves flagged as being sound-based.

heal bell is unaffected.  uproar still prevents this Pokémon from sleeping.  This Pokémon can still receive a Perish Song counter through baton pass, and will retain a Perish Song counter if it acquires this ability after Perish Song is used.

howl, roar of time, sonic boom, and yawn are not flagged as sound-based.",en,Protects against sound-based moves.
88,44,Pokémon mit dieser Fähigkeit heilen am Ende jeder Runde 1/16 ihrer maximalen hp wenn es regnet.,de,Heilt jede Runde 1/16 der maximalen hp wenn es regnet.
97,44,This Pokémon heals for 1/16 of its maximum HP after each turn during rain.,en,Heals for 1/16 max HP after each turn during rain.
87,45,"Das weather ändert sich zu sandstorm wenn ein Pokémon mit dieser Fähigkeit den Kampf betritt und hört erst auf, wenn es von einem anderen weather abgelöst wird.

Wenn mehrere Pokémon mit dieser Fähigkeit, drizzle, drought oder snow warning zur selben Zeit den Kampf betreten, werden die Fähigkeiten nach Reihenfolge der speed der Pokémon ausgelöst, unter Berücksichtigung von trick room.

Außerhalb vom Kampf: Wenn ein Pokémon mit dieser Fähigkeit an erster Stelle im Team steht, tauchen im Sandsturm nur halb so viele Pokémon auf.",de,Beschwört beim Betreten des Kampfes einen sandstorm herauf der nicht endet.
98,45,"The weather changes to a sandstorm when this Pokémon enters battle and does not end unless cancelled by another weather condition.

If multiple Pokémon with this ability, drizzle, drought, or snow warning are sent out at the same time, the abilities will activate in order of Speed, respecting trick room.  Each ability's weather will cancel the previous weather, and only the weather summoned by the slowest of the Pokémon will stay.

Overworld: If the lead Pokémon has this ability, the wild encounter rate is halved in a sandstorm.",en,Summons a sandstorm that lasts indefinitely upon entering battle.
91,46,"Attacken die ein Pokémon mit dieser Fähigkeit zum Ziel haben, kosten 1 pp mehr als sonst.

Die Fähigkeit löst für jeden Treffer von Attacken die öfters treffen aus. Die Fähigkeit löst auch bei Attacken aus die fehlschlagen oder daneben gehen. Der Effekt zählt nicht für Attacken desselben Teams die das Ganze Feld oder nur die eigene Seite treffen, sowie die eigenen Attacken die sich selbst treffen. Der Effekt löst dafür bei Attacken von Teammitgliedern aus die nur das Pokémon mit dieser Fähigkeit zum Ziel haben, die alle anderen zum Ziel haben und Attacken von Gegnern die das ganze Feld treffen. Wenn diese Fähigkeit die Kosten auf einen Wert erhöht, der die verbleibenden pp übersteigt, wird es alle verbrauchen.

Wenn ein Pokémon mit dieser Fähigkeit den Kampf betritt, werden alle Trainer über diese Fähigkeit benachrichtigt.

Außerhalb vom Kampf: Wenn ein Pokémon mit dieser Fähigkeit an erster Stelle im Team steht, tauchen Pokémon mit einem höheren Level häufiger auf.",de,Erhöht die pp Kosten des Gegners um 1.
101,46,"Moves targetting this Pokémon use one extra PP.

This ability stacks if multiple targets have it.  This ability still affects moves that fail or miss.  This ability does not affect ally moves that target either the entire field or just its side, nor this Pokémon's self-targetted moves; it does, however, affect single-targetted ally moves aimed at this Pokémon, ally moves that target all other Pokémon, and opponents' moves that target the entire field.  If this ability raises a move's PP cost above its remaining PP, it will use all remaining PP.

When this Pokémon enters battle, all participating trainers are notified that it has this ability.

Overworld: If the lead Pokémon has this ability, higher-levelled Pokémon have their encounter rate increased.",en,Increases the PP cost of moves targetting the Pokémon by one.
94,47,Pokémon mit dieser Fähigkeit erhält von fire und ice Attacken nur halben Schaden.,de,Halbiert den Schaden von fire und ice Attacken.
100,47,This Pokémon takes half as much damage from fire- and ice-type moves.,en,Halves damage from fire and ice moves.
92,48,"Bei Pokémon mit dieser Fähigkeit sinkt die Anzahl der Verbleibenden Runden im Schlaf pro Runde um 2 statt um 1.

Wenn der Zähler bei 1 ist fällt er auf 0 und das Pokémon wacht auf.",de,Pokémon wachen doppelt so schnell wieder auf.
103,48,"This Pokémon's remaining sleep turn count falls by 2 rather than 1.

If this Pokémon's sleep counter is at 1, it will fall to 0 and then the Pokémon will wake up.",en,Makes sleep pass twice as quickly.
93,49,"Wenn ein Pokémon mit dieser Fähigkeit von einer Attacke getroffen wird die Kontakt herstellt, besteht eine 30% Chance, den Gegner zu verbrennen.

Außerhalb vom Kampf: Wenn ein Pokémon im Team diese Fähigkeit hat, wird der hatch counter um 2 statt um 1 pro step cycle reduziert, was dazu führt, dass Eier doppelt so schnell schlüpfen. Dieser Effekt stapelt sich nicht, wenn mehrere Pokémon diese Fähigkeit oder magma armor haben.",de,"Hat eine 30% Chance, bei Kontakt burn auszulösen."
99,49,"Whenever a move makes contact with this Pokémon, the move's user has a 30% chance of being burned.

Overworld: If any Pokémon in the party has this ability, each egg in the party has its hatch counter decreased by 2 (rather than 1) each step cycle, making eggs hatch roughly twice as quickly.  This effect does not stack if multiple Pokémon have this ability or magma armor.",en,Has a 30% chance of burning attacking Pokémon on contact.
95,50,"Pokémon mit dieser Fähigkeit können immer aus Kämpfen mit wilden Pokémon fliehen, selbst wenn es durch eine Attacke oder eine Fähigkeit gefangen ist.",de,"Stellt sicher, dass die Flucht vor wilden Pokémon gelingt."
102,50,"This Pokémon is always successful fleeing from wild battles, even if trapped by a move or ability.",en,Ensures success fleeing from wild battles.
96,51,"Pokémon mit dieser Fähigkeit kann die accuracy nicht gesenkt werden.

Die Fähigkeit verhindert nur direkte Statuswertveränderungen, der Genauigkeitsverlust durch fog wird nicht verhindert, auch nicht das Erhöhen des Fluchtwerts des Gegners. Pokémon mit dieser Fähigkeit kann trotzdem negative accuracy durch heart swap übertragen werden.

Außerhalb vom Kampf: Wenn das erste Pokémon im Team diese Fähigkeit hat, dann hat jede Begegnung mit einem Pokémon das 5 oder mehr Level niedriger ist, eine Chance von 50% übersprungen zu werden.",de,Verhindert das Absenken der accuracy.
106,51,"This Pokémon cannot have its accuracy lowered.

This ability does not prevent any accuracy losses other than stat modifiers, such as the accuracy cut from fog; nor does it prevent other Pokémon's evasion from making this Pokémon's moves less accurate.  This Pokémon can still be passed negative accuracy modifiers through heart swap.

Overworld: If the first Pokémon in the party has this ability, any random encounter with a Pokémon five or more levels lower than it has a 50% chance of being skipped.",en,Prevents accuracy from being lowered.
104,52,"Pokémon mit dieser Fähigkeit kann der attack nicht gesenkt werden.

Die Fähigkeit verhindert nur Statuswertveränderungen, der verminderte attack durch burn wird nicht verhindert. Pokémon mit dieser Fähigkeit können trotzdem negative accuracy durch heart swap oder power swap übertragen werden.",de,Verhindert das Absenken des Angriffs.
108,52,"This Pokémon's Attack cannot be lowered by other Pokémon.

This ability does not prevent any Attack losses other than stat modifiers, such as the Attack cut from a burn.  This Pokémon can still be passed negative Attack modifiers through heart swap or power swap.",en,Prevents Attack from being lowered by other Pokémon.
105,53,"Wenn ein Pokémon mit dieser Fähigkeit nicht bereits ein Item hält und ein anderes Pokémon ein getragenes Item verbraucht oder wegschleudert, hebt es das Item am Ende der Runde auf. Nach jedem Kampf besteht eine 10% Chance, dass das Pokémon ein Item aufhebt wenn es nicht bereits eines trägt.

air balloon und eject button können nicht aufgehoben werden.

Die gefundenen Items variieren je nach Spiel und, seit Smaragd, dem Level des Pokémons mit dieser Fähigkeit. Die Fähigkeit wird überprüft wenn der Kampf endet und temporär erlangte Fähigkeiten wieder weg sind.",de,Hebt benutzte oder weggeschleuderte getragene Items von anderen Pokémon auf. Kann nach dem Kampf ein Item aufheben.
107,53,"At the end of each turn, if another Pokémon consumed or Flung a held item that turn, this Pokémon picks up the item if it is not already holding one.  After each battle, this Pokémon has a 10% chance of picking up an item if it is not already holding one.

The air balloon and eject button cannot be picked up.

The items that may be found vary by game, and, since Pokémon Emerald, by the Pokémon's level.  This ability is checked after the battle ends, at which point any temporary ability changes have worn off.",en,Picks up other Pokémon's used and Flung held items.  May also pick up an item after battle.
112,54,"Pokémon mit dieser Fähigkeit überspringen jede zweite Runde statt eine Attacke einzusetzen (""faulenzen"").

Faulenzen unterbricht Attacken die über mehrere Runden gehen genauso wie paralysis, Zurückschrecken usw. Die meisten dieser Attacken, wie bide oder rollout, werden einfach abgebrochen, wenn das Pokémon faulenzt. Attacken nach denen eine Runde aufgeladen werden muss, wie hyper beam, müssen nicht aufgeladen werden, Attacken mit Vorbereitungsrunde, wie fly, werden nicht abgebrochen. Attacken die mehrere Runden dauern aber bei einem Fehlschlag nicht enden, wie outrage, uproar, oder jede von encore erzwungene Attacke, enden nicht, wenn das Pokémon faulenzt.

Wenn das Pokémon verwirrt ist, wird die confusion nicht beachtet beim Faulenzen, das Pokémon verletzt sich nicht selbst und die confusion endet nicht früher deswegen.

Wenn das Pokémon versucht sich zu bewegen aber von paralysis oder gravity daran gehindert wird, zählt das trotzdem als erfolgreich und es wird die nächste Runde faulenzen. Wenn es nicht versucht sich zu bewegen, weil es beispielsweise schläft oder eingefroren ist, wird das was es versucht hat verschoben bis zum nächsten Versuch, der eine Attacke oder faulenzen sein kann, abhängig davon, was es zuletzt tat.

Diese Fähigkeit kann nicht mit worry seed ausgetauscht werden, aber mit gastro acid deaktiviert, mit role play geändert oder mit skill swap getauscht werden.",de,Überspringt jede zweite Runde.
118,54,"Every second turn on which this Pokémon should attempt to use a move, it will instead do nothing (""loaf around"").

Loafing around interrupts moves that take multiple turns the same way paralysis, flinching, etc do.  Most such moves, for example bide or rollout, are simply cut off upon loafing around.  Attacks with a recharge turn, such as hyper beam, do not have to recharge; attacks with a preparation turn, such as fly, do not end up being used.  Moves that are forced over multiple turns and keep going through failure, such as outrage, uproar, or any move forced by encore, keep going as usual.

If this Pokémon is confused, its confusion is not checked when loafing around; the Pokémon cannot hurt itself, and its confusion does not end or come closer to ending.

If this Pokémon attempts to move but fails, e.g. because of paralysis or gravity, it still counts as having moved and will loaf around the next turn.  If it does not attempt to move, e.g. because it is asleep or frozen, whatever it would have done will be postponed until its next attempt; that is, it will either loaf around or move as usual, depending on what it last did.

This ability cannot be changed with worry seed, but it can be disabled with gastro acid, changed with role play, or traded away with skill swap.",en,Skips every second turn.
113,55,"Physische Attacken von Pokémon mit dieser Fähigkeit verursachen 1,5× so viel Schaden wie sonst, haben dafür aber nur 80% ihrer normalen accuracy.

Spezialattacken werden nicht beeinflusst. Attacken die festen Schaden verursachen wie seismic toss haben ihren normalen Schaden aber die verringerte accuracy.

Außerhalb vom Kampf: Wenn ein Pokémon mit dieser Fähigkeit an erster Stelle im Team steht, tauchen Pokémon mit einem höheren Level häufiger auf.",de,"Erhöht den Schaden von physischen Attacken um 50%, aber senkt ihre accuracy auf 80% ihres sonstigen Werts."
120,55,"This Pokémon's physical moves do 1.5× as much regular damage, but have 0.8× their usual accuracy.

Special moves are unaffected.  Moves that do set damage, such as seismic toss, have their accuracy affected, but not their damage.

Overworld: If the lead Pokémon has this ability, higher-levelled Pokémon have their encounter rate increased.",en,"Strengthens physical moves to inflict 1.5× damage, but decreases their accuracy to 0.8×."
110,56,"Wenn ein Pokémon mit dieser Fähigkeit von einer Attacke mit Kontakt getroffen wird, besteht eine 30% Chance, dass beim Angreifer Anziehung ausgelöst wird.

Außerhalb vom Kampf: Wenn ein Pokémon mit dieser Fähigkeit an erster Stelle im Team steht, besteht bei allen wilden Pokémon die beide Geschlechter haben können eine 2/3 Chance, vom anderen Geschlecht zu sein und eine 1/3 Chance ein zufälliges Geschlecht zu haben.",de,Bei Kontakt besteht eine 30% Chance beim Gegner Anziehung auszulösen.
119,56,"Whenever a move makes contact with this Pokémon, the move's user has a 30% chance of being infatuated.

Overworld: If the first Pokémon in the party has this ability, any wild Pokémon whose species can be either gender has a 2/3 chance of being set to the opposite gender, and a 1/3 chance of having a random gender as usual.",en,Has a 30% chance of infatuating attacking Pokémon on contact.
111,57,"Pokémon mit dieser Fähigkeit haben einen 1,5× so hohen special attack wenn ein Team-Pokémon die Fähigkeit plus oder minus hat.

Der Bonus zählt nicht als stat modifier. Wenn eine der Fähigkeiten deaktiviert wird, z.B. von gastro acid, verlieren beide ihren Effekt.",de,Erhöht den special attack um 50% wenn ein Team-Pokémon plus oder minus hat.
116,57,"This Pokémon has 1.5× its Special Attack if any friendly Pokémon has plus or minus.

This bonus does not count as a stat modifier.  If either ability is disabled by gastro acid, both lose their effect.",en,Increases Special Attack to 1.5× when a friendly Pokémon has plus or minus.
109,58,"Pokémon mit dieser Fähigkeit haben einen 1,5× so hohen special attack wenn ein Team-Pokémon die Fähigkeit plus oder minus hat.

Der Bonus zählt nicht als stat modifier. Wenn eine der Fähigkeiten deaktiviert wird, z.B. von gastro acid, verlieren beide ihren Effekt.",de,Erhöht den special attack um 50% wenn ein Team-Pokémon plus oder minus hat.
117,58,"This Pokémon has 1.5× its Special Attack if any friendly Pokémon has plus or minus.

This bonus does not count as a stat modifier.  If either ability is disabled by gastro acid, both lose their effect.",en,Increases Special Attack to 1.5× when a friendly Pokémon has plus or minus.
114,59,"Während es regnet, hagelt oder bei starkem Sonnenlicht, ändert sich der Typ des Pokémons zu water, ice oder fire, respektive. Außerdem ändert sich seine Form entsprechend.

Die Fähigkeit hat keinen Effekt für jedes andere Pokémon außer castform.

Wenn das weather endet oder sich zu einem ändert welches diese Fähigkeit nicht beeinflusst, oder wenn ein Pokémon mit air lock oder cloud nine den Kampf betritt, werden Typ und Form auf den Normalwert zurückgesetzt. Wenn die Fähigkeit deaktiviert oder ausgetauscht wird, kann das Pokémon seine Form nicht ändern, bis es sie wiedererlangt.",de,Ändert den Typ von castform zu dem des Wetters.
124,59,"During rain, strong sunlight, or hail, this Pokémon's type changes to water, fire, or ice, respectively, and its form changes to match.

This ability has no effect for any Pokémon other than castform.

If the weather ends or becomes anything that does not trigger this ability, or a Pokémon with air lock or cloud nine enters battle, this Pokémon's type and form revert to their default.  If this ability is lost or disabled, this Pokémon cannot change its current type and form until it regains its ability.",en,Changes castform's type and form to match the weather.
115,60,"Einem Pokémon mit dieser Fähigkeit kann ein getragenes Item nicht gestohlen werden.

Attacken die Schaden verursachen und Items entfernen verursachen immer noch Schaden, z.B. knock off oder pluck. Das Pokémon kann trotzdem Attacken einsetzen die eigene Items entfernen, wie z.B. fling oder trick.

Außerhalb vom Kampf: Wenn ein Pokémon mit dieser Fähigkeit an erster Stelle im Team steht, erhöht sich die Erfolgsrate beim Angeln.",de,"Verhindert, dass ein getragenes Item von einem anderen Pokémon gestohlen werden kann."
125,60,"This Pokémon's hold item cannot be removed by other Pokémon.

Damaging moves that would remove this Pokémon's item can still inflict damage against this Pokémon, e.g. knock off or pluck.  This Pokémon can still use moves that involve the loss of its own item, e.g. fling or trick.

Overworld: If the lead Pokémon has this ability, the encounter rate while fishing is increased.",en,Prevents a held item from being removed by other Pokémon.
121,61,Pokémon mit dieser Fähigkeit haben am Ende jeder Runde eine 33% Chance von einer bestehenden major status ailment geheilt zu werden.,de,Nach jeder Runde besteht eine 33% Chance von einer bestehenden Statusänderung geheilt zu werden.
126,61,"After each turn, this Pokémon has a 33% of being cured of any major status ailment.",en,Has a 33% chance of curing any major status ailment after each turn.
122,62,"Wenn ein Pokémon mit dieser Fähigkeit schläft, brennt, paralysiert oder vergiftet ist, ist sein attack 1,5× so hoch wie sonst. Bei Verbrennung gibt es keine Halbierung des Angriffs.

Der Bonus zählt nicht als Statuswerte Änderung.",de,Erhöht den attack um 50% wenn das Pokémon unter einer major status ailment leidet.
127,62,"Whenever this Pokémon is asleep, burned, paralyzed, or poisoned, it has 1.5× its Attack.  This Pokémon is not affected by the usual Attack cut from a burn.

This bonus does not count as a stat modifier.",en,Increases Attack to 1.5× with a major status ailment.
123,63,"Wenn ein Pokémon mit dieser Fähigkeit unter einer major status ailment leidet, hat es eine 1,5× höhere defense.

Der Bonus zählt nicht als Statuswerte Änderung.",de,Erhöht die defense um 50% wenn das Pokémon unter einer major status ailment leidet.
128,63,"Whenever this Pokémon has a major status ailment, it has 1.5× its Defense.

This bonus does not count as a stat modifier.",en,Increases Defense to 1.5× with a major status ailment.
138,64,"Wenn ein Pokémon mit dieser Fähigkeit von einer absorbierenden Attacke wie absorb getroffen wird, erleidet der Gegner so viele hp Schaden wie ihn die Attacke geheilt hätte.

dream eater ist davon nicht betroffen.",de,"Gegnern die absorbierende Attacken einsetzen, wird Schaden in der Höhe zugefügt, die die Attacke geheilt hätte."
129,64,"Whenever a Pokémon would heal after hitting this Pokémon with a leeching move like absorb, it instead loses as many HP as it would usually gain.

dream eater is unaffected.",en,Damages opponents using leeching moves for as much as they would heal.
140,65,"Wenn ein Pokémon mit dieser Fähigkeit nur noch 1/3 seiner maximalen hp oder weniger hat, werden all seine grass Attacken verstärkt, so dass sie 1,5× so viel regular damage anrichten wie sonst.",de,Erhöht den Schaden von grass Attacken um 50% wenn nur noch 1/3 der maximalen hp oder weniger übrig sind.
130,65,"When this Pokémon has 1/3 or less of its HP remaining, its grass-type moves inflict 1.5× as much regular damage.",en,Strengthens grass moves to inflict 1.5× damage at 1/3 max HP or less.
131,66,"Wenn ein Pokémon mit dieser Fähigkeit nur noch 1/3 seiner maximalen hp oder weniger hat, werden all seine fire Attacken verstärkt, so dass sie 1,5× so viel regular damage anrichten wie sonst.",de,Erhöht den Schaden von fire Attacken um 50% wenn nur noch 1/3 der maximalen hp oder weniger übrig sind.
135,66,"When this Pokémon has 1/3 or less of its HP remaining, its fire-type moves inflict 1.5× as much regular damage.",en,Strengthens fire moves to inflict 1.5× damage at 1/3 max HP or less.
132,67,"Wenn ein Pokémon mit dieser Fähigkeit nur noch 1/3 seiner maximalen hp oder weniger hat, werden all seine water Attacken verstärkt, so dass sie 1,5× so viel regular damage anrichten wie sonst.",de,Erhöht den Schaden von water Attacken um 50% wenn nur noch 1/3 der maximalen hp oder weniger übrig sind.
136,67,"When this Pokémon has 1/3 or less of its HP remaining, its water-type moves inflict 1.5× as much regular damage.",en,Strengthens water moves to inflict 1.5× damage at 1/3 max HP or less.
133,68,"Wenn ein Pokémon mit dieser Fähigkeit nur noch 1/3 seiner maximalen hp oder weniger hat, werden all seine bug Attacken verstärkt, so dass sie 1,5× so viel regular damage anrichten wie sonst.

Außerhalb vom Kampf: Wenn ein Pokémon mit dieser Fähigkeit an erster Stelle im Team steht, ist die Wahrscheinlichkeit einem wilden Pokémon zu begegnen doppelt so hoch wie normal.",de,Erhöht den Schaden von bug Attacken um 50% wenn nur noch 1/3 der maximalen hp oder weniger übrig sind.
141,68,"When this Pokémon has 1/3 or less of its HP remaining, its bug-type moves inflict 1.5× as much regular damage.

Overworld: If the lead Pokémon has this ability, the wild encounter rate is increased.",en,Strengthens bug moves to inflict 1.5× damage at 1/3 max HP or less.
134,69,"Pokémon mit dieser Fähigkeit erhalten keinen Schaden vom Rückstoß diverser Attacken.

Der Rückstoß von struggle wird nicht verhindert. Die Fähigkeit verhindert nicht den Schaden der vom Fehlschlag von jump kick oder high jump kick verursacht wird.",de,Schützt vor Rückstoßschaden.
143,69,"This Pokémon does not receive recoil damage from its recoil moves.

struggle's recoil is unaffected.  This ability does not prevent crash damage from missing with jump kick or high jump kick.",en,Protects against recoil damage.
137,70,"Das weather ändert sich zu starkem Sonnenlicht wenn ein Pokémon mit dieser Fähigkeit den Kampf betritt. Dieser Effekt ist dauerhaft bis das weather geändert wird.

Wenn mehrere Pokémon mit dieser Fähigkeit, drizzle, sand stream oder snow warning zur selben Zeit den Kampf betreten, werden die Fähigkeiten nach Reihenfolge der speed der Pokémon ausgelöst, unter Berücksichtigung von trick room.",de,Ändert beim Betreten des Kampfes das weather in starkes Sonnenlicht.
145,70,"The weather changes to strong sunlight when this Pokémon enters battle and does not end unless cancelled by another weather condition.

If multiple Pokémon with this ability, drizzle, sand stream, or snow warning are sent out at the same time, the abilities will activate in order of Speed, respecting trick room.  Each ability's weather will cancel the previous weather, and only the weather summoned by the slowest of the Pokémon will stay.",en,Summons strong sunlight that lasts indefinitely upon entering battle.
139,71,"Wenn ein Pokémon mit dieser Fähigkeit im Kampf ist, kann der Gegner nicht fliehen oder ausgetauscht werden. flying Pokémon und schwebende, z.B. durch levitate oder magnet rise sind nicht betroffen.

Pokémon mit run away können trotzdem fliehen. Pokémon können mit bestimmten Items oder Attacken ausgetauscht werden.

Außerhalb vom Kampf: Wenn ein Pokémon mit dieser Fähigkeit an erster Stelle im Team steht, ist die Wahrscheinlichkeit einem wilden Pokémon zu begegnen doppelt so hoch wie normal.",de,"Verhindert, dass der Gegner flieht oder ausgetauscht wird wenn er nicht vom Typ flying ist oder schwebt."
147,71,"While this Pokémon is in battle, opposing Pokémon cannot flee or switch out.  flying-type Pokémon and Pokémon in the air, e.g. due to levitate or magnet rise, are unaffected.

Pokémon with run away can still flee.  Pokémon can still switch out with the use of a move or item.

Overworld: If the lead Pokémon has this ability, the wild encounter rate is doubled.",en,Prevents opponents from fleeing or switching out.  Eluded by flying-types and Pokémon in the air.
142,72,"Ein Pokémon mit dieser Fähigkeit kann nicht einschlafen.

rest schlägt fehl. Wenn ein Pokémon schläft und diese Fähigkeit erhält, wacht es sofort auf. Das bezieht das Wiedererlangen dieser Fähigkeit nach dem Kampf mit ein.

Diese Fähigkeit ist identisch mit insomnia.

Außerhalb vom Kampf: Wenn ein Pokémon mit dieser Fähigkeit an erster Stelle im Team steht, tauchen Pokémon mit einem höheren Level häufiger auf.",de,Verhindert sleep.
149,72,"This Pokémon cannot be asleep.

This causes rest to fail altogether.  If a Pokémon is asleep and acquires this ability, it will immediately wake up; this includes when regaining a lost ability upon leaving battle.

This ability functions identically to insomnia in battle.

Overworld: If the lead Pokémon has this ability, higher-levelled Pokémon have their encounter rate increased.",en,Prevents sleep.
144,73,"Einem Pokémon mit dieser Fähigkeit können keine negativen Statuswerte Änderungen von anderen Pokémon zugefügt werden.

Diese Fähigkeit verhindert keine stat modifiers die nicht direkt verursacht wurden, wie die verminderte speed durch paralysis oder selbstverursachte negative Statuswerteänderungen wie durch overheat. Dem Pokémon können trotzdem negative Statuswerte mit guard swap, heart swap oder power swap übertragen werden.

Diese Fähigkeit ist identisch mit clear body im Kampf.

Außerhalb vom Kampf: Wenn ein Pokémon mit dieser Fähigkeit an erster Stelle im Team steht, tauchen wilde Pokémon nur halb so oft auf.",de,Verhindert negative stat modifier von anderen Pokémon.
150,73,"This Pokémon cannot have its stats lowered by other Pokémon.

This ability does not prevent any stat losses other than stat modifiers, such as the Speed cut from paralysis; nor self-inflicted stat drops, such as the Special Attack drop from overheat; nor opponent-triggered stat boosts, such as the Attack boost from swagger.  This Pokémon can still be passed negative stat modifiers through guard swap, heart swap, or power swap.

This ability functions identically to clear body in battle.

Overworld: If the lead Pokémon has this ability, the wild encounter rate is halved.",en,Prevents stats from being lowered by other Pokémon.
146,74,"Solange sich ein Pokémon mit dieser Fähigkeit im Kampf befindet ist sein attack doppelt so hoch wie sonst.

Dieser Bonus zählt nicht als stat modifier.

Diese Fähigkeit ist identisch mit huge power.",de,Verdoppelt den attack im Kampf.
156,74,"This Pokémon's Attack is doubled in battle.

This bonus does not count as a stat modifier.

This ability functions identically to huge power.",en,Doubles Attack in battle.
148,75,"Attacken können keinen kritischen Treffer landen.

Diese Fähigkeit ist identisch mit battle armor.",de,Schützt vor kritischen Treffern.
158,75,"Moves cannot score critical hits against this Pokémon.

This ability functions identically to battle armor.",en,Protects against critical hits.
151,76,"Während ein Pokémon mit dieser Fähigkeit im Kampf ist, kann das weather zwar geändert werden, hat aber keinen Effekt.

Diese Fähigkeit ist identisch mit cloud nine.",de,Entfernt alle Wettereffekte aber ändert nicht das weather selbst.
157,76,"While this Pokémon is in battle, weather can still be in play, but will not have any of its effects.

This ability functions identically to cloud nine.",en,"Negates all effects of weather, but does not prevent the weather itself."
152,77,"Wenn ein Pokémon mit diese Fähigkeit verwirrt ist, ist sein evasion doppelt so hoch wie sonst.",de,Verdoppelt den evasion bei confusion.
160,77,"When this Pokémon is confused, it has twice its evasion.",en,Doubles evasion when confused.
155,78,"Wenn ein Pokémon mit dieser Fähigkeit von einer electric Attacke getroffen wird, erhöht sich seine speed um 1 Stufe, wobei andere Effekte der Attacke ignoriert werden.

Die Fähigkeit wirkt nicht, wenn das Pokémon immun gegen electric Attacken ist. electric Attacken ignorieren den substitute des Pokémons.

Der Effekt wird auch bei Attacken ausgelöst die keinen Schaden verursachen, wie z.B. thunder wave.",de,Absorbiert electric Attacken und erhöht dabei die speed um 1 Stufe.
163,78,"Whenever an electric-type move hits this Pokémon, its Speed rises one stage, negating any other effect on it.

This ability will not take effect if this Pokémon is immune to Electric moves.  Electric moves will ignore this Pokémon's substitute.

This effect includes non-damaging moves, i.e. thunder wave.",en,"Absorbs electric moves, raising Speed one stage."
153,79,"Ein Pokémon mit dieser Fähigkeit verurascht gegen Gegner vom gleichen Geschlecht 25% mehr Schaden und gegen Pokémon vom anderen Geschlecht 25% weniger Schaden.

Wenn eins der Pokémon geschlechtslos ist, wird der Schaden nicht beeinflusst.",de,Erhöht den verursachten Schaden gegen Pokémon vom gleichen Geschlecht um 25% aber senkt ihn auf 0.75% gegen das andere Geschlecht.
165,79,"This Pokémon inflicts 1.25× as much regular damage against Pokémon of the same gender and 0.75× as much regular damage against Pokémon of the opposite gender.

If either Pokémon is genderless, damage is unaffected.",en,"Increases damage inflicted to 1.25× against Pokémon of the same gender, but decreases damage to 0.75× against the opposite gender."
154,80,"Wenn ein Pokémon mit dieser Fähigkeit zurückschreckt, wird seine speed um 1 Stufe erhöht.",de,Erhöht die speed um 1 Stufe wenn das Pokémon zurückschreckt.
159,80,"Whenever this Pokémon flinches, its Speed rises one stage.",en,Raises Speed one stage upon flinching.
161,81,"Während es hagelt hat ein Pokémon mit dieser Fähigkeit einen um 25% erhöhten evasion und es nimmt keinen Schaden durch hail.

Der Bonus zählt nicht als Statuswerte Änderung.

Außerhalb vom Kampf: Wenn ein Pokémon mit dieser Fähigkeit an erster Stelle im Team steht, tauchen nur halb so viele wilde Pokémon auf wenn es schneit.",de,Erhöht den evasion um 25% während es hagelt. Kein Schaden durch hail.
167,81,"During hail, this Pokémon has 1.25× its evasion, and it does not take hail damage regardless of type.

The evasion bonus does not count as a stat modifier.

Overworld: If the lead Pokémon has this ability, the wild encounter rate is halved in snow.",en,Increases evasion to 1.25× during hail.  Protects against hail damage.
164,82,"Pokémon mit dieser Fähigkeit essen eine getragene Beere, wenn sie weniger als die Hälfte ihrer maximalen hp haben, unabhängig von der Auslöseschwelle der Beere.",de,"Lässt das Pokémon eine getragene Beere essen, wenn es weniger als die Hälfte seiner maximalen hp hat."
172,82,"This Pokémon eats any held Berry triggered by low HP when it falls below 50% of its HP, regardless of the Berry's usual threshold.",en,Makes the Pokémon eat any held Berry triggered by low HP below 1/2 its max HP.
162,83,"Wenn ein Pokémon mit dieser Fähigkeit von einem kritischen Treffer getroffen wird, erhöht sich sein attack auf die höchste Stufe von 6.

Die Fähigkeit löst auch aus, wenn der kritische Treffer vom substitute abgefangen wird.",de,Erhöht den attack auf die höchste Stufe (6) wenn es einen kritischen Treffer erleidet.
170,83,"Whenever this Pokémon receives a critical hit, its Attack rises to the maximum of 6 stages.

This ability will still take effect if the critical hit is received by a substitute.",en,Raises Attack to the maximum of six stages upon receiving a critical hit.
166,84,"Wenn ein Pokémon mit dieser Fähigkeit ein getragenes Item benutzt oder verliert, wird seine speed verdoppelt. Wenn es ein neues Item erhält oder den Kampf verlässt, erlischt der Bonus.

Das passiert auch, wenn das Item durch knock off fallengelassen wird. Der Bonus zählt nicht als Statuswert-Änderung. Es gibt keine Benachrichtigung wenn der Effekt eintritt.",de,Verdoppelt die speed wenn das Pokémon ein getragenes Item benutzt oder verliert.
171,84,"When this Pokémon uses or loses its held item, its Speed is doubled.  If it gains another item or leaves battle, this bonus is lost.

This includes when the Pokémon drops its item because of knock off.  This bonus does not count as a stat modifier.  There is no notification when this ability takes effect.",en,Doubles Speed upon using or losing a held item.
168,85,Pokémon mit dieser Fähigkeit erhalten nur halben Schaden von fire Attacken und Verbrennungen.,de,Halbiert den Schaden von fire Attacken und burn.
178,85,This Pokémon takes half as much damage from fire-type moves and burns.,en,Halves damage from fire moves and burns.
169,86,"Jede Stufe einer Statuswerte-Änderung agiert als 2 Stufen. Diese Doppelstufen sind trotzdem limitiert auf ein Minimum von -6 und ein Maximum von 6.

Pokémon mit dieser Fähigkeit können trotzdem weniger als -3 oder mehr als 3 Stufen erhalten, aber die zusätzlichen Stufen haben nach der Verdoppelung keinen Effekt.",de,Verdoppelt die Statuswerte-Änderungen. Die Änderungen gehen nicht über -6 oder 6 Stufen hinaus.
180,86,"Each stage of this Pokémon's stat modifiers acts as two stages.  These doubled stages are still limited to a minimum of -6 and a maximum of 6.

This Pokémon can still accumulate less than -3 or more than 3 stages of stat modifiers, even though the extra ones have no effect after doubling.",en,Doubles the Pokémon's stat modifiers.  These doubled modifiers are still capped at -6 or 6 stages.
173,87,"Pokémon mit dieser Fähigkeit nehmen 1/8 ihrer maximalen hp Schaden nach jeder Runde mit starkem Sonnenlicht, aber sie heilen 1/8 ihrer maximalen hp nach jeder Runde in der es regnet. Sie nehmen außerdem 1,25× so viel Schaden von fire Attacken, absorbieren aber dafür water Attacken und heilen dabei 1/4 ihrer maximalen hp.",de,"Erleidet 1/8 der max hp Schaden während starkem Sonnenlicht, aber heilt 1/8 der max hp während rain. Erhöht den erhaltenen Schaden durch fire Attacken um 25%, aber absorbiert water Attacken, und heilt dabei 1/4 der max hp."
182,87,"This Pokémon takes 1/8 of its maximum HP in damage after each turn during strong sunlight, but it heals for 1/8 of its HP each turn during rain.  This Pokémon takes 1.25× as much damage from fire-type moves, but whenever a water move hits it, it heals for 1/4 its maximum HP instead.",en,"Causes 1/8 max HP in damage each turn during strong sunlight, but heals for 1/8 max HP during rain.  Increases damage from fire moves to 1.25×, but absorbs water moves, healing for 1/4 max HP."
174,88,"Wenn ein Pokémon mit dieser Fähigkeit den Kampf betritt, wird sein attack oder special attack um 1 Stufe erhöht, je nachdem, welcher Verteidigungswert des Gegners niedriger ist. Bei Gleichstand wird der special attack erhöht.

Die Fähigkeit löst auch aus, wenn sie während des Kampfes erlangt wird.",de,Erhöht den Angriffswert entsprechend des schwächeren Verteidigungswerts um 1 Stufe beim Betreten des Kampfs.
181,88,"When this Pokémon enters battle, its Attack or Special Attack, whichever corresponds to its opponents' weaker total defensive stat, rises one stage.  In the event of a tie, Special Attack is raised.

This ability also takes effect when acquired during a battle.",en,Raises the attack stat corresponding to the opponents' weaker defense one stage upon entering battle.
175,89,"Die schlagbasierten Attacken von Pokémon mit dieser Fähigkeit, haben 1,2× so viel Stärke.

sucker punch ist nicht schlagbasiert, der Japanische Name bedeutet ""Überaschungsangriff"".",de,Verstärkt schlagbasierte Attacken um 20%.
183,89,"Moves flagged as being punch-based have 1.2× their base power for this Pokémon.

sucker punch is not flagged as punch-based; its original, Japanese name only means ""surprise attack"".",en,Strengthens punch-based moves to 1.2× their power.
176,90,"Wenn ein Pokémon mit dieser Fähigkeit vergiftet ist, erhält es anstatt Schaden zu erleiden 1/8 seiner maximalen hp nach jeder Runde. Das gilt auch für schwere poison.",de,Heilt jede Runde 1/8 der max hp wenn vergiftet.
179,90,"If this Pokémon is poisoned, it will heal for 1/8 of its maximum HP after each turn rather than taking damage.  This includes bad poison.",en,Heals for 1/8 max HP after each turn when poisoned in place of damage.
177,91,"Pokémon mit dieser Fähigkeit verursachen 2× so viel Schaden, wenn die Attacke dem Typ des Pokémon gleicht, anstatt dem üblichen STAB von 1,5×.",de,"Erhöht den STAB von 1,5× auf 2×."
187,91,"This Pokémon inflicts twice as much damage with moves whose types match its own, rather than the usual same-type attack bonus of 1.5×.",en,Increases the same-type attack bonus from 1.5× to 2×.
184,92,Mehrfach treffende Attacken wie icicle spear von Pokémon mit dieser Fähigkeit treffen immer mit der höchsten Anzahl (meistens 5x mal). Außerdem wird die Genauigkeit von triple kick zweiten und dritten Treffer nicht überprüft.,de,Erweitert mehrfach treffende Attacken wie triple kick zu ihrer vollen Länge.
190,92,"This Pokémon always hits five times with two-to-five-hit moves, such as icicle spear.  It also bypasses the accuracy checks on triple kick's second and third hits.",en,Extends two-to-five-hit moves and triple kick to their full length every time.
185,93,Pokémon mit dieser Fähigkeit werden am Ende jeder Runde von major status ailment geheilt wenn es regnet.,de,Heilt jede Runde eine major status ailment wenn es regnet.
191,93,This Pokémon is cured of any major status ailment after each turn during rain.,en,Cures any major status ailment after each turn during rain.
186,94,"Während starkem Sonnenlicht, wird der special attack von Pokémon mit dieser Fähigkeit um 50% erhöht, dafür erleidet es 1/8 seiner maximalen hp Schaden am Ende der Runde.",de,Erhöht den special attack um 50% aber zieht jede Runde 1/8 der max hp ab während starkem Sonnenlicht.
192,94,"During strong sunlight, this Pokémon has 1.5× its Special Attack but takes 1/8 of its maximum HP in damage after each turn.",en,Increases Special Attack to 1.5× but costs 1/8 max HP after each turn during strong sunlight.
188,95,"Wenn ein Pokémon mit dieser Fähigkeit unter einer major status ailment leidet, hat es 1,5× so viel speed wie sonst. Die speed des Pokémon wird nicht halbiert, wenn es paralysiert ist.

Außerhalb vom Kampf: Wenn ein Pokémon mit dieser Fähigkeit an erster Stelle im Team steht, tauchen wilde Pokémon nur halb so oft auf.",de,Erhöht die speed um 50% wenn das Pokémon an einer major status ailment leidet.
197,95,"Whenever this Pokémon has a major status ailment, it has 1.5× its Speed.  This Pokémon is not affected by the usual Speed cut from paralysis.

Overworld: If the lead Pokémon has this ability, the wild encounter rate is halved.",en,Increases Speed to 1.5× with a major status ailment.
189,96,"Attacken von Pokémon mit dieser Fähigkeit agieren alle als normal Attacken.

Attacken die typenlosen Schaden verursachen werden nicht beeinflusst. Attacken mit variablen Typ, so wie hidden power, werden beeinflusst. Sie funktionieren sonst wie üblich, aber z.B. weather ball wird immer vom Typ normal sein, aber es sieht trotzdem anders aus und hat doppelte Stärke bei Wettereffekten.

So wie thunder wave durch Immunitäten verhindert wird, anders als die meisten Attacken ohne Schaden, werden ghost Pokémon nicht beeinflusst vom Effekt dieser Fähigkeit.",de,Attacken des Pokémon werden alle zu normal Attacken.
198,96,"This Pokémon's moves all act as if they were normal-type.

Moves that inflict typeless damage do so as usual.  Moves of variable type, such as hidden power, are affected.  They otherwise work as usual, however; weather ball, for example, is always forced to be Normal, but it still has doubled power and looks different during weather.

As thunder wave is prevented by immunities, unlike most non-damaging moves, it does not affect ghost-type Pokémon under the effect of this ability.",en,Makes the Pokémon's moves all act normal-type.
193,97,Pokémon mit dieser Fähigkeit verursachen bei kritischen Treffern 3× so viel Schaden anstatt 2× wie sonst.,de,"Verstärkt kritische Treffer, so dass sie 3× so viel Schaden verursachen anstatt 2×."
199,97,"This Pokémon inflicts triple damage with critical hits, rather than the usual double damage.",en,Strengthens critical hits to inflict 3× damage rather than 2×.
194,98,"Pokémon mit dieser Fähigkeit sind immun gegen alle Schäden die nicht direkt von Attacken verursacht werden.

Zum Beispiel nimmt ein Pokémon mit dieser Fähigkeit keinen Schaden durch Wettereffekte, Rückstoß, status ailments oder spikes, aber es leidet trotzdem unter dem Angriffsverlust durch burn. Ein life orb verstärkt die Attacken des Pokémons ohne ihm zu schaden. Alles was direkt von solchem Schaden abhängt hat ebenfalls keinen Effekt. leech seed z.B. wird weder das Pokémon mit dieser Fähigkeit verletzen, noch wird der Gegner geheilt und Gegner die eine jaboca berry oder eine rowap berry tragen werden diese nicht verbrauchen wenn sie von diesem Pokémon getroffen werden.

Die folgenden Attacken sind nicht betroffen: struggle, pain split (egal ob von dem oder gegen das Pokémon benutzt), belly drum, substitute, curse, Attacken die den Anwender ausknocken sowie Schaden durch confusion.

Pokémon mit dieser Fähigkeit werden durhc weder hp verlieren noch dazugewinnen wenn sie hp von einem Pokémon mit liquid ooze absaugen.

Wenn das Pokémon schwer vergiftet wurde, wird der Vergiftungstimer trotzdem jede Runde erhöht. Verliert das Pokémon die Fähigkeit wird es so viel Schaden verlieren wie es ohne die Fähigkeit verlieren würde.",de,Schützt vor jeglichem Schaden der nicht direkt von Attacken verursacht wird.
203,98,"This Pokémon is immune to damage not directly caused by a move.

For example, this Pokémon takes no damage from from weather, recoil, status ailments, or spikes, but it still suffers from the Attack cut when burned, and a life orb will still power up this Pokémon's moves without damaging it.  Anything that directly depends on such damage will also not happen; for example, leech seed will neither hurt this Pokémon nor heal the opponent, and Pokémon with a jaboca berry or rowap berry will not consume the berry when hit by this Pokémon.

The following are unaffected: struggle, pain split (whether used by or against this Pokémon), belly drum, substitute, curse, moves that knock the user out, and damage from confusion.

This Pokémon will neither lose nor regain HP if it drains HP from a Pokémon with liquid ooze.

If this Pokémon is badly poisoned, the poison counter is still increased each turn; if the Pokémon loses this ability, it will begin taking as much damage as it would be if it had been taking increasing damage each turn.",en,Protects against damage not directly caused by a move.
195,99,"Attacken die gegen ein oder von einem Pokémon mit dieser Fähigkeit eingesetzt werden treffen immer.

K.O.-Attacken sind davon nicht betroffen. Attacken die von der Fähigkeit beeinflusst werden können auch in Vorbereitungsrunden von dig oder fly treffen.

Außerhalb vom Kampf: Wenn ein Pokémon mit dieser Fähigkeit an erster Stelle im Team steht, ist die Wahrscheinlichkeit einem wilden Pokémon zu begegnen doppelt so hoch wie normal.",de,Stellt sicher das Attacken die von dem oder gegen das Pokémon eingesetzt werden treffen.
201,99,"Moves used by or against this Pokémon never miss.

One-hit KO moves are unaffected.  Moves affected by this ability can hit Pokémon during the preparation turn of moves like dig or fly.

Overworld: If the lead Pokémon has this ability, the wild encounter rate is doubled.",en,Ensures all moves used by and against the Pokémon hit.
196,100,"Attacken dieses Pokémon kommen zu letzt ohne dabei die Prioritäten der Attacken zu umgehen.

Mehrere Pokémon mit dieser Fähigkeit greifen in Reihenfolge ihrer speed an.

full incense und lagging tail erhalten den Vortritt zur Fähigkeit, was bedeutet, dass Pokémon mit diesen Items nach Pokémon mit dieser Fähigkeit agieren. Pokémon mit dieser Fähigkeit und eines der Items werden nur so viel verzögert, als hätten sie nur das Item.

Diese Fähigkeit funktioniert normal während trick room, Pokémon mit dieser Fähigkeit greifen in umgekehrter Reihenfolge der speed nach den Pokémon ohne die Fähigkeit an.",de,Lässt das Pokémon als letztes angreifen innerhalb des Prioritätsspielraums der Attacken
202,100,"This Pokémon moves last within its priority bracket.

Multiple Pokémon with this ability move in order of Speed amongst themselves.

The full incense and lagging tail take precedence over this ability; that is, Pokémon with these items move after Pokémon with this ability.  Pokémon with both this ability and one of these items are delayed as much as if they had only the item.

This ability works as usual during trick room: Pokémon with this ability will move in reverse order of Speed after Pokémon without it.",en,Makes the Pokémon move last within its move's priority bracket.
